{
  "timestamp": "2026-01-02T06:22:42.776Z",
  "options": {
    "durationMinutes": 5,
    "seed": "longrun-1767334662342",
    "difficulty": "normal"
  },
  "difficulty": "Normal",
  "stats": {
    "totalRuns": 2094338,
    "totalTime": 5,
    "runsPerMinute": 418867.6,
    "avgAnteReached": 2.6888477409090603,
    "avgRoomsCleared": 8.066543222727182,
    "winRate": 0.7549440443710614,
    "flumeRate": 0.2450559556289386,
    "avgDeaths": 0,
    "deathRate": 0,
    "avgDebtPerRun": 0,
    "avgItemsKept": 3.631673111026014,
    "totalGoldCirculated": 204003,
    "ceeloWinRate": 0.5473697966061323,
    "totalCeeloMatches": 1813624,
    "rescuerBreakdown": {},
    "giniOverTime": [
      0.800316813758769,
      0.800316813758769,
      0.800316813758769,
      0.800316813758769
    ],
    "wealthDistributionFinal": {
      "broke": 17,
      "poor": 0,
      "neutral": 0,
      "comfortable": 0,
      "rich": 1
    },
    "anteDistribution": [
      0,
      138428,
      374802,
      1581108
    ],
    "deathsByAnte": [
      0,
      0,
      0,
      0
    ]
  }
}