{
  "timestamp": "2026-01-02T06:54:47.886Z",
  "options": {
    "durationMinutes": 5,
    "seed": "longrun-1767336587853",
    "difficulty": "normal"
  },
  "difficulty": "Normal",
  "stats": {
    "totalRuns": 6017,
    "totalTime": 5.0001500000000005,
    "runsPerMinute": 1203.3638990830275,
    "avgAnteReached": 2.686056174173176,
    "avgRoomsCleared": 8.00232674090078,
    "winRate": 0.7522020940668107,
    "flumeRate": 0.2477979059331893,
    "avgDeaths": 0.05584178161874689,
    "deathRate": 0.055509390061492435,
    "avgDebtPerRun": 6.946983546617916,
    "avgItemsKept": 3.5597473824164867,
    "totalGoldCirculated": 3937173,
    "ceeloWinRate": 0.5587624976419544,
    "totalCeeloMatches": 5301,
    "rescuerBreakdown": {
      "Dr. Maxwell": 36,
      "Boots": 28,
      "Clausen": 17,
      "Xtreme": 18,
      "King James": 18,
      "Stitch-Up Girl": 30,
      "Keith Man": 25,
      "Willy One Eye": 28,
      "Boo-G": 22,
      "Mr. Kevin": 20,
      "Dr. Voss": 23,
      "Mr. Bones": 22,
      "Body Count": 23,
      "The General": 26
    },
    "giniOverTime": [
      0.5215833005120126,
      0.48631865144100056,
      0.5193581314359482,
      0.539933722235916
    ],
    "wealthDistributionFinal": {
      "broke": 0,
      "poor": 2,
      "neutral": 0,
      "comfortable": 3,
      "rich": 13
    },
    "anteDistribution": [
      0,
      398,
      1093,
      4526
    ],
    "deathsByAnte": [
      0,
      0,
      0,
      334
    ]
  }
}