{
  "timestamp": "2026-01-02T07:09:31.776Z",
  "options": {
    "durationMinutes": 5,
    "seed": "longrun-1767337471724",
    "difficulty": "normal"
  },
  "difficulty": "Normal",
  "stats": {
    "totalRuns": 6373,
    "totalTime": 5.0005500000000005,
    "runsPerMinute": 1274.4598094209637,
    "avgAnteReached": 2.7015534285265965,
    "avgRoomsCleared": 8.042836968460694,
    "winRate": 0.7671426329828966,
    "flumeRate": 0.2328573670171034,
    "avgDeaths": 0.06182331711909619,
    "deathRate": 0.0615094931743292,
    "avgDebtPerRun": 7.708300643339086,
    "avgItemsKept": 3.5534285265965795,
    "totalGoldCirculated": 4809893,
    "ceeloWinRate": 0.5706493049445716,
    "totalCeeloMatches": 5683,
    "rescuerBreakdown": {
      "Stitch-Up Girl": 35,
      "Dr. Maxwell": 29,
      "King James": 31,
      "Mr. Kevin": 29,
      "Mr. Bones": 25,
      "Willy One Eye": 26,
      "The General": 23,
      "Boo-G": 28,
      "Clausen": 28,
      "Keith Man": 25,
      "Xtreme": 31,
      "Dr. Voss": 43,
      "Body Count": 17,
      "Boots": 24
    },
    "giniOverTime": [
      0.5720560711966693,
      0.5442396977823918,
      0.4594272623138603,
      0.4449177612116909
    ],
    "wealthDistributionFinal": {
      "broke": 0,
      "poor": 1,
      "neutral": 5,
      "comfortable": 0,
      "rich": 12
    },
    "anteDistribution": [
      0,
      418,
      1066,
      4889
    ],
    "deathsByAnte": [
      0,
      0,
      1,
      391
    ]
  }
}